{
  "session_info": {
    "modelName": "example.pt",
    "totalDetections": 7,
    "sessionTime": "0:01:10",
    "classStats": {
      "person": 7
    }
  },
  "detailed_stats": {
    "person": {
      "total_count": 7,
      "current_count": 1,
      "avg_confidence": 20.354623794555664,
      "confidence_sum": 162.8369903564453,
      "last_bboxes": [
        [
          266,
          747,
          706,
          1079
        ],
        [
          266,
          747,
          706,
          1079
        ],
        [
          266,
          747,
          706,
          1078
        ],
        [
          266,
          747,
          706,
          1078
        ],
        [
          266,
          743,
          703,
          1079
        ],
        [
          267,
          745,
          703,
          1079
        ],
        [
          268,
          747,
          702,
          1078
        ],
        [
          267,
          749,
          704,
          1079
        ],
        [
          268,
          750,
          706,
          1078
        ],
        [
          269,
          751,
          705,
          1078
        ],
        [
          273,
          750,
          705,
          1078
        ],
        [
          276,
          749,
          704,
          1079
        ],
        [
          278,
          749,
          704,
          1079
        ],
        [
          282,
          753,
          705,
          1079
        ],
        [
          286,
          753,
          707,
          1079
        ],
        [
          289,
          752,
          708,
          1079
        ],
        [
          292,
          752,
          709,
          1079
        ],
        [
          294,
          752,
          710,
          1079
        ],
        [
          294,
          752,
          710,
          1079
        ],
        [
          294,
          752,
          711,
          1079
        ]
      ]
    }
  },
  "export_time": "2025-10-12T19:08:19.996402"
}