{
  "session_info": {
    "modelName": "example.pt",
    "totalDetections": 1,
    "sessionTime": "0:00:22",
    "classStats": {
      "person": 1
    }
  },
  "detailed_stats": {
    "person": {
      "total_count": 1,
      "current_count": 0,
      "avg_confidence": 16.38083839416504,
      "confidence_sum": 32.76167678833008,
      "last_bboxes": [
        [
          289,
          751,
          709,
          1079
        ],
        [
          292,
          752,
          713,
          1079
        ],
        [
          293,
          751,
          712,
          1079
        ],
        [
          294,
          752,
          711,
          1079
        ],
        [
          294,
          752,
          712,
          1079
        ],
        [
          295,
          752,
          713,
          1079
        ],
        [
          296,
          750,
          713,
          1079
        ],
        [
          297,
          748,
          714,
          1078
        ],
        [
          297,
          747,
          714,
          1078
        ],
        [
          297,
          747,
          714,
          1078
        ],
        [
          298,
          746,
          714,
          1078
        ],
        [
          299,
          746,
          715,
          1078
        ],
        [
          301,
          746,
          714,
          1079
        ],
        [
          302,
          745,
          714,
          1079
        ],
        [
          302,
          746,
          714,
          1079
        ],
        [
          302,
          747,
          714,
          1079
        ],
        [
          302,
          748,
          714,
          1079
        ],
        [
          302,
          748,
          714,
          1079
        ],
        [
          299,
          750,
          716,
          1079
        ],
        [
          298,
          750,
          715,
          1079
        ]
      ]
    }
  },
  "export_time": "2025-10-12T19:07:32.132793"
}